"0","train <- train %>% mutate(Year = year(as_datetime(timestamp)))"
"0",""
"0","test <- test %>% mutate(Year = year(as_datetime(timestamp)))"
"0",""
"0","year_avg <- train %>% "
"0","  left_join(movie_avg, by='movieId') %>%"
"0","  left_join(user_avg, by='userId') %>%"
"0","  left_join(genre_avg, by='genres') %>%"
"0","  group_by(Year) %>%"
"0","  summarize(b_yr = mean(rating - mu - b_i - b_u - b_g))"
"0",""
"0","model_5 <- test %>%"
"0","  left_join(movie_avg, by='movieId') %>%"
"0","  left_join(user_avg, by='userId') %>%"
"0","  left_join(genre_avg, by='genres') %>%"
"0","  left_join(year_avg, by='Year') %>%"
"0","  mutate(pred = mu + b_i + b_u + b_g + b_yr) %>%"
"0","  pull(pred)"
"0",""
"0","movie_user_genre_week_rmse <- RMSE(test$rating, model_5)"
"0","result <- bind_rows(result, "
"0","                    tibble("
"0","                      Method = ""Movie + User + Genres + Year Effects"","
"0","                      RMSE = movie_user_genre_week_rmse)"
"0",")"
"0",""
"0","result"
