"0","genre_avg <- train %>%"
"0","   left_join(movie_avg, by='movieId') %>%"
"0","   left_join(user_avg, by='userId') %>%"
"0","   group_by(genres) %>%"
"0","   summarize(b_g = mean(rating - mu - b_i - b_u))"
"0",""
"0","model_4 <- validation %>%"
"0","   left_join(movie_avg, by='movieId') %>%"
"0","   left_join(user_avg, by='userId') %>%"
"0","   left_join(genre_avg, by='genres') %>%"
"0","   mutate(pred = mu + b_i + b_u + b_g) %>%"
"0","   pull(pred)"
"0",""
"0","movie_user_genre_rmse <- RMSE(validation$rating, model_4)"
"0","result <- bind_rows(result, "
"0","                    tibble("
"0","                      Method = ""Movie + User + Genres Effects"","
"0","                      RMSE = movie_user_genre_rmse)"
"0",")"
"0",""
"0","result"
